unclebae	185	m
ksko	202	m
sja1008	183	m
unclebae	185	m
ksko	202	m
sja1008	183	m
unclebae	185	m
ksko	202	m
sja1008	183	m
unclebae	185	m
ksko	202	m
sja1008	183	m
unclebae	185	m
ksko	202	m
sja1008	183	m
unclebae	185	m
ksko	202	m
sja1008	183	m
unclebae	185	m
ksko	202	m
sja1008	183	m
unclebae	185	m
ksko	202	m
sja1008	183	m
unclebae	185	m
ksko	202	m
sja1008	183	m
unclebae	185	m
ksko	202	m
sja1008	183	m
unclebae	185	m
ksko	202	m
sja1008	183	m
unclebae	185	m
ksko	202	m
sja1008	183	m
unclebae	185	m
ksko	202	m
sja1008	183	m
unclebae	185	m
ksko	202	m
sja1008	183	m
unclebae	185	m
ksko	202	m
sja1008	183	m
unclebae	185	m
ksko	202	m
sja1008	183	m
unclebae	185	m
ksko	202	m
sja1008	183	m
unclebae	185	m
ksko	202	m
sja1008	183	m
unclebae	185	m
ksko	202	m
sja1008	183	m
